stringId_A	stringId_B	preferredName_A	preferredName_B	ncbiTaxonId	score	nscore	fscore	pscore	ascore	escore	dscore	tscore
9606.ENSP00000054650	9606.ENSP00000383719	THAP3	UBE2J2	9606	0.205	0	0	0	0.162	0	0	0.091
9606.ENSP00000054650	9606.ENSP00000346088	THAP3	RPL22	9606	0.23	0	0	0	0	0	0	0.23
9606.ENSP00000054650	9606.ENSP00000262450	THAP3	CHD5	9606	0.257	0	0	0	0.045	0	0	0.254
9606.ENSP00000054650	9606.ENSP00000306522	THAP3	CAMTA1	9606	0.266	0	0	0	0.049	0	0	0.26
9606.ENSP00000054650	9606.ENSP00000367323	THAP3	KCNAB2	9606	0.268	0	0	0	0.055	0	0	0.257
9606.ENSP00000054650	9606.ENSP00000366876	THAP3	PHF13	9606	0.275	0	0	0	0.082	0	0	0.243
9606.ENSP00000054650	9606.ENSP00000339524	THAP3	DFFB	9606	0.283	0	0	0	0.093	0	0	0.242
9606.ENSP00000054650	9606.ENSP00000367398	THAP3	NPHP4	9606	0.284	0	0	0	0.045	0	0	0.281
9606.ENSP00000054650	9606.ENSP00000439625	THAP3	PLEKHG5	9606	0.288	0	0	0	0.05	0	0	0.281
9606.ENSP00000054650	9606.ENSP00000367433	THAP3	AJAP1	9606	0.31	0	0	0	0	0	0	0.31
9606.ENSP00000054650	9606.ENSP00000343552	THAP3	ICMT	9606	0.323	0	0	0	0.049	0	0	0.317
9606.ENSP00000054650	9606.ENSP00000367173	THAP3	RNF207	9606	0.339	0	0	0	0.049	0	0	0.333
9606.ENSP00000054650	9606.ENSP00000367086	THAP3	ACOT7	9606	0.358	0	0	0	0.042	0	0	0.357
9606.ENSP00000054650	9606.ENSP00000367013	THAP3	TNFRSF25	9606	0.385	0	0	0	0.042	0	0	0.385
9606.ENSP00000054650	9606.ENSP00000366886	THAP3	KLHL21	9606	0.428	0	0	0	0.049	0	0	0.423
9606.ENSP00000054650	9606.ENSP00000366800	THAP3	DNAJC11	9606	0.628	0	0	0	0.05	0	0	0.625
9606.ENSP00000054666	9606.ENSP00000368678	VAMP3	AGRN	9606	0.233	0	0	0	0.042	0	0	0.232
9606.ENSP00000054666	9606.ENSP00000482093	VAMP3	PER3	9606	0.275	0	0.075	0	0.042	0	0	0.248
9606.ENSP00000054666	9606.ENSP00000054668	VAMP3	UTS2	9606	0.275	0	0	0	0.044	0	0	0.273
9606.ENSP00000054666	9606.ENSP00000340278	VAMP3	PARK7	9606	0.438	0	0	0	0.057	0.075	0	0.408
9606.ENSP00000054666	9606.ENSP00000306522	VAMP3	CAMTA1	9606	0.66	0	0.418	0	0.053	0	0	0.433
9606.ENSP00000054668	9606.ENSP00000478699	UTS2	TNFRSF9	9606	0.249	0	0	0	0.047	0	0	0.244
9606.ENSP00000054668	9606.ENSP00000304643	UTS2	CALML6	9606	0.25	0	0	0	0	0	0	0.25
9606.ENSP00000054668	9606.ENSP00000366702	UTS2	ERRFI1	9606	0.252	0	0	0	0.06	0	0	0.237
9606.ENSP00000054668	9606.ENSP00000306522	UTS2	CAMTA1	9606	0.271	0	0	0	0	0	0	0.271
9606.ENSP00000054668	9606.ENSP00000482093	UTS2	PER3	9606	0.271	0	0	0	0	0	0	0.271
9606.ENSP00000262450	9606.ENSP00000367433	CHD5	AJAP1	9606	0.202	0	0	0	0.084	0	0	0.165
9606.ENSP00000262450	9606.ENSP00000417061	CHD5	CFAP74	9606	0.21	0	0	0	0.058	0.187	0	0.052
9606.ENSP00000262450	9606.ENSP00000367398	CHD5	NPHP4	9606	0.211	0	0	0	0.103	0.091	0	0.11
9606.ENSP00000262450	9606.ENSP00000367173	CHD5	RNF207	9606	0.227	0	0	0	0.053	0.058	0	0.203
9606.ENSP00000262450	9606.ENSP00000270722	CHD5	PRDM16	9606	0.228	0	0	0	0.106	0.102	0	0.116
9606.ENSP00000262450	9606.ENSP00000367848	CHD5	GABRD	9606	0.364	0	0	0	0.261	0.055	0	0.163
9606.ENSP00000262450	9606.ENSP00000306522	CHD5	CAMTA1	9606	0.405	0	0	0	0.067	0	0	0.389
9606.ENSP00000270708	9606.ENSP00000367433	WRAP73	AJAP1	9606	0.2	0	0	0	0.044	0	0	0.198
9606.ENSP00000270708	9606.ENSP00000366800	WRAP73	DNAJC11	9606	0.218	0	0	0	0.06	0	0	0.203
9606.ENSP00000270708	9606.ENSP00000367900	WRAP73	CDK11A	9606	0.218	0	0	0	0.062	0	0	0.201
9606.ENSP00000270708	9606.ENSP00000445001	WRAP73	INTS11	9606	0.223	0	0	0	0.223	0	0	0
9606.ENSP00000270708	9606.ENSP00000383719	WRAP73	UBE2J2	9606	0.232	0	0	0	0.1	0	0	0.182
9606.ENSP00000270708	9606.ENSP00000339524	WRAP73	DFFB	9606	0.24	0	0	0	0.183	0	0	0.108
9606.ENSP00000270708	9606.ENSP00000498888	WRAP73	PANK4	9606	0.251	0	0	0	0.251	0	0	0
9606.ENSP00000270708	9606.ENSP00000317992	WRAP73	NOC2L	9606	0.254	0	0	0	0.149	0	0	0.16
9606.ENSP00000270708	9606.ENSP00000367658	WRAP73	ACTRT2	9606	0.275	0	0	0	0	0	0	0.275
9606.ENSP00000270708	9606.ENSP00000496593	WRAP73	ESPN	9606	0.284	0	0	0	0.045	0	0	0.281
9606.ENSP00000270708	9606.ENSP00000270722	WRAP73	PRDM16	9606	0.315	0	0	0	0.042	0	0	0.315
9606.ENSP00000270708	9606.ENSP00000367476	WRAP73	CEP104	9606	0.335	0	0	0	0.06	0	0	0.321
9606.ENSP00000270708	9606.ENSP00000367545	WRAP73	TP73	9606	0.36	0	0	0	0.049	0	0	0.355
9606.ENSP00000270708	9606.ENSP00000294600	WRAP73	CCDC27	9606	0.365	0	0	0	0	0	0	0.365
9606.ENSP00000270708	9606.ENSP00000367086	WRAP73	ACOT7	9606	0.376	0	0	0	0.049	0	0	0.371
9606.ENSP00000270708	9606.ENSP00000355306	WRAP73	C1orf174	9606	0.392	0	0	0	0.16	0	0	0.306
9606.ENSP00000270708	9606.ENSP00000367125	WRAP73	GPR153	9606	0.398	0	0	0	0.042	0	0	0.398
9606.ENSP00000270708	9606.ENSP00000475168	WRAP73	RER1	9606	0.402	0	0	0	0.064	0	0	0.387
9606.ENSP00000270708	9606.ENSP00000367498	WRAP73	LRRC47	9606	0.418	0	0	0	0.081	0	0	0.393
9606.ENSP00000270708	9606.ENSP00000367629	WRAP73	ARHGEF16	9606	0.465	0	0	0	0.049	0	0	0.46
9606.ENSP00000270708	9606.ENSP00000367595	WRAP73	TPRG1L	9606	0.549	0	0	0	0.06	0	0	0.54
9606.ENSP00000270708	9606.ENSP00000348982	WRAP73	MEGF6	9606	0.889	0	0.126	0	0.042	0.053	0	0.877
9606.ENSP00000270722	9606.ENSP00000367830	PRDM16	PRKCZ	9606	0.219	0	0	0	0.056	0.071	0	0.181
9606.ENSP00000270722	9606.ENSP00000367848	PRDM16	GABRD	9606	0.22	0	0	0	0.056	0.05	0	0.2
9606.ENSP00000270722	9606.ENSP00000367323	PRDM16	KCNAB2	9606	0.228	0	0	0	0.049	0.08	0	0.189
9606.ENSP00000270722	9606.ENSP00000475168	PRDM16	RER1	9606	0.228	0	0	0	0	0.042	0	0.227
9606.ENSP00000270722	9606.ENSP00000496593	PRDM16	ESPN	9606	0.23	0	0	0	0.044	0.091	0	0.185
9606.ENSP00000270722	9606.ENSP00000306522	PRDM16	CAMTA1	9606	0.244	0	0	0	0.049	0.044	0	0.235
9606.ENSP00000270722	9606.ENSP00000348982	PRDM16	MEGF6	9606	0.25	0	0	0	0.056	0.095	0	0.193
9606.ENSP00000270722	9606.ENSP00000367476	PRDM16	CEP104	9606	0.251	0	0	0	0.044	0	0	0.249
9606.ENSP00000270722	9606.ENSP00000367125	PRDM16	GPR153	9606	0.263	0	0	0	0.106	0.054	0	0.198
9606.ENSP00000270722	9606.ENSP00000367433	PRDM16	AJAP1	9606	0.271	0	0	0	0	0	0	0.271
9606.ENSP00000270722	9606.ENSP00000367545	PRDM16	TP73	9606	0.285	0	0	0	0.058	0.044	0	0.27
9606.ENSP00000270722	9606.ENSP00000367086	PRDM16	ACOT7	9606	0.296	0	0	0	0	0.045	0	0.293
9606.ENSP00000270722	9606.ENSP00000367595	PRDM16	TPRG1L	9606	0.305	0	0	0	0.043	0.069	0	0.283
9606.ENSP00000270722	9606.ENSP00000367130	PRDM16	HES3	9606	0.334	0	0	0	0	0.051	0	0.327
9606.ENSP00000270722	9606.ENSP00000367797	PRDM16	SKI	9606	0.434	0	0	0.209	0.055	0.303	0	0
9606.ENSP00000270722	9606.ENSP00000367629	PRDM16	ARHGEF16	9606	0.482	0	0.237	0	0.123	0	0	0.287
9606.ENSP00000270722	9606.ENSP00000367658	PRDM16	ACTRT2	9606	0.519	0	0	0	0.055	0.073	0	0.495
9606.ENSP00000270722	9606.ENSP00000478699	PRDM16	TNFRSF9	9606	0.527	0	0	0	0	0	0	0.527
9606.ENSP00000288774	9606.ENSP00000367848	PEX10	GABRD	9606	0.23	0	0	0	0.049	0	0	0.224
9606.ENSP00000288774	9606.ENSP00000367476	PEX10	CEP104	9606	0.23	0	0	0	0.049	0	0	0.224
9606.ENSP00000288774	9606.ENSP00000368496	PEX10	B3GALT6	9606	0.234	0	0	0	0.106	0	0	0.179
9606.ENSP00000288774	9606.ENSP00000498888	PEX10	PANK4	9606	0.239	0	0	0	0.062	0	0	0.222
9606.ENSP00000288774	9606.ENSP00000383719	PEX10	UBE2J2	9606	0.256	0	0	0	0.125	0.084	0	0.146
9606.ENSP00000288774	9606.ENSP00000426103	PEX10	MIB2	9606	0.287	0	0	0	0.112	0	0	0.229
9606.ENSP00000291386	9606.ENSP00000368592	SSU72	TTLL10	9606	0.208	0	0	0	0.042	0	0	0.208
9606.ENSP00000291386	9606.ENSP00000417185	SSU72	VWA1	9606	0.209	0	0	0	0	0.045	0	0.205
9606.ENSP00000291386	9606.ENSP00000342676	SSU72	AURKAIP1	9606	0.235	0	0	0	0.235	0	0	0
9606.ENSP00000291386	9606.ENSP00000342313	SSU72	SAMD11	9606	0.237	0	0	0	0	0	0	0.237
9606.ENSP00000291386	9606.ENSP00000464036	SSU72	CDK11B	9606	0.241	0	0	0	0.242	0	0	0
9606.ENSP00000291386	9606.ENSP00000294600	SSU72	CCDC27	9606	0.246	0	0	0	0	0	0	0.247
9606.ENSP00000291386	9606.ENSP00000343930	SSU72	KLHL17	9606	0.25	0	0	0	0	0	0	0.25
9606.ENSP00000291386	9606.ENSP00000368318	SSU72	PUSL1	9606	0.281	0	0	0	0.068	0	0	0.26
9606.ENSP00000291386	9606.ENSP00000445001	SSU72	INTS11	9606	0.747	0	0	0	0.141	0.274	0.4	0.405
9606.ENSP00000294600	9606.ENSP00000368644	CCDC27	C1orf159	9606	0.207	0	0	0.207	0	0	0	0
9606.ENSP00000294600	9606.ENSP00000368538	CCDC27	TNFRSF4	9606	0.237	0	0	0.237	0	0	0	0
9606.ENSP00000294600	9606.ENSP00000367433	CCDC27	AJAP1	9606	0.245	0	0	0	0	0	0	0.246
9606.ENSP00000294600	9606.ENSP00000367629	CCDC27	ARHGEF16	9606	0.339	0	0	0	0	0	0	0.339
9606.ENSP00000294600	9606.ENSP00000367658	CCDC27	ACTRT2	9606	0.408	0	0	0	0.067	0	0	0.392
9606.ENSP00000294600	9606.ENSP00000367595	CCDC27	TPRG1L	9606	0.418	0	0	0	0	0	0	0.419
9606.ENSP00000294600	9606.ENSP00000339524	CCDC27	DFFB	9606	0.419	0	0.229	0	0.049	0	0	0.271
9606.ENSP00000294600	9606.ENSP00000348982	CCDC27	MEGF6	9606	0.452	0	0	0	0	0	0	0.452
9606.ENSP00000294600	9606.ENSP00000367476	CCDC27	CEP104	9606	0.481	0	0	0	0	0	0	0.481
9606.ENSP00000294600	9606.ENSP00000367498	CCDC27	LRRC47	9606	0.519	0	0	0	0	0	0	0.519
9606.ENSP00000294600	9606.ENSP00000367545	CCDC27	TP73	9606	0.535	0	0	0	0.047	0	0	0.532
9606.ENSP00000294600	9606.ENSP00000355306	CCDC27	C1orf174	9606	0.66	0	0	0.234	0	0	0	0.575
9606.ENSP00000304643	9606.ENSP00000343552	CALML6	ICMT	9606	0.201	0	0	0	0	0	0	0.201
9606.ENSP00000304643	9606.ENSP00000367900	CALML6	CDK11A	9606	0.211	0	0	0	0.104	0.061	0	0.137
9606.ENSP00000304643	9606.ENSP00000367872	CALML6	GNB1	9606	0.217	0	0	0	0	0.068	0	0.194
9606.ENSP00000304643	9606.ENSP00000367668	CALML6	MMEL1	9606	0.217	0	0	0	0.06	0	0	0.201
9606.ENSP00000304643	9606.ENSP00000414022	CALML6	PERM1	9606	0.224	0	0	0	0.128	0.109	0	0.082
9606.ENSP00000304643	9606.ENSP00000367323	CALML6	KCNAB2	9606	0.246	0	0	0	0	0.112	0	0.186
9606.ENSP00000304643	9606.ENSP00000344411	CALML6	TAS1R3	9606	0.248	0	0	0	0.08	0.153	0	0.113
9606.ENSP00000304643	9606.ENSP00000340278	CALML6	PARK7	9606	0.25	0	0	0	0.062	0.045	0	0.231
9606.ENSP00000304643	9606.ENSP00000367830	CALML6	PRKCZ	9606	0.316	0	0	0	0	0.099	0	0.272
9606.ENSP00000304643	9606.ENSP00000368166	CALML6	DVL1	9606	0.328	0	0	0	0.072	0.065	0	0.288
9606.ENSP00000304643	9606.ENSP00000367086	CALML6	ACOT7	9606	0.361	0	0	0	0	0	0	0.361
9606.ENSP00000304643	9606.ENSP00000367890	CALML6	NADK	9606	0.416	0	0	0	0	0	0	0.417
9606.ENSP00000304643	9606.ENSP00000383611	CALML6	CCNL2	9606	0.591	0	0	0	0.052	0	0	0.587
9606.ENSP00000304643	9606.ENSP00000306522	CALML6	CAMTA1	9606	0.595	0	0	0	0	0	0	0.595
9606.ENSP00000304643	9606.ENSP00000499387	CALML6	SDF4	9606	0.823	0	0	0	0	0	0	0.823
9606.ENSP00000306522	9606.ENSP00000367173	CAMTA1	RNF207	9606	0.208	0	0	0	0.042	0	0	0.207
9606.ENSP00000306522	9606.ENSP00000366800	CAMTA1	DNAJC11	9606	0.248	0	0	0	0	0	0	0.248
9606.ENSP00000306522	9606.ENSP00000367545	CAMTA1	TP73	9606	0.252	0	0	0	0.042	0	0	0.252
9606.ENSP00000306522	9606.ENSP00000482093	CAMTA1	PER3	9606	0.253	0	0.089	0	0.056	0	0	0.201
9606.ENSP00000306522	9606.ENSP00000355306	CAMTA1	C1orf174	9606	0.282	0	0	0	0	0	0	0.282
9606.ENSP00000306522	9606.ENSP00000367433	CAMTA1	AJAP1	9606	0.369	0	0	0	0.042	0	0	0.369
9606.ENSP00000311122	9606.ENSP00000367872	TMEM52	GNB1	9606	0.229	0	0	0	0	0	0	0.23
9606.ENSP00000311122	9606.ENSP00000414022	TMEM52	PERM1	9606	0.231	0	0	0.202	0.076	0	0	0
9606.ENSP00000311122	9606.ENSP00000367848	TMEM52	GABRD	9606	0.276	0	0	0	0.049	0	0	0.27
9606.ENSP00000311122	9606.ENSP00000417061	TMEM52	CFAP74	9606	0.561	0	0.241	0	0.042	0	0	0.445
9606.ENSP00000317992	9606.ENSP00000368720	NOC2L	PLEKHN1	9606	0.215	0	0	0	0.06	0.044	0	0.197
9606.ENSP00000317992	9606.ENSP00000368062	NOC2L	ATAD3C	9606	0.238	0	0	0	0.216	0	0	0.068
9606.ENSP00000317992	9606.ENSP00000366934	NOC2L	NOL9	9606	0.247	0	0	0	0.196	0	0	0.102
9606.ENSP00000317992	9606.ENSP00000383719	NOC2L	UBE2J2	9606	0.272	0	0	0	0.08	0	0	0.241
9606.ENSP00000317992	9606.ENSP00000348308	NOC2L	MMP23B	9606	0.273	0	0	0	0	0	0	0.273
9606.ENSP00000317992	9606.ENSP00000445001	NOC2L	INTS11	9606	0.324	0	0	0	0.253	0	0	0.131
9606.ENSP00000317992	9606.ENSP00000342313	NOC2L	SAMD11	9606	0.349	0	0	0	0.08	0	0	0.321
9606.ENSP00000317992	9606.ENSP00000368030	NOC2L	ATAD3A	9606	0.377	0	0	0	0.377	0	0	0
9606.ENSP00000317992	9606.ENSP00000343930	NOC2L	KLHL17	9606	0.383	0	0	0	0.125	0	0	0.324
9606.ENSP00000317992	9606.ENSP00000367498	NOC2L	LRRC47	9606	0.399	0	0	0	0.153	0	0	0.319
9606.ENSP00000317992	9606.ENSP00000368318	NOC2L	PUSL1	9606	0.421	0	0	0	0.421	0	0	0
9606.ENSP00000317992	9606.ENSP00000366800	NOC2L	DNAJC11	9606	0.447	0	0	0	0.266	0	0	0.277
9606.ENSP00000317992	9606.ENSP00000500094	NOC2L	ATAD3B	9606	0.455	0	0	0	0.455	0	0	0
9606.ENSP00000317992	9606.ENSP00000346088	NOC2L	RPL22	9606	0.794	0	0	0	0.058	0.79	0	0
9606.ENSP00000328207	9606.ENSP00000496832	TNFRSF18	ISG15	9606	0.213	0	0	0	0.086	0	0	0.174
9606.ENSP00000328207	9606.ENSP00000368496	TNFRSF18	B3GALT6	9606	0.291	0	0	0	0.044	0	0	0.289
9606.ENSP00000328207	9606.ENSP00000464036	TNFRSF18	CDK11B	9606	0.345	0	0	0	0	0	0	0.346
9606.ENSP00000328207	9606.ENSP00000367013	TNFRSF18	TNFRSF25	9606	0.701	0	0	0	0.138	0	0	0.668
9606.ENSP00000328207	9606.ENSP00000347948	TNFRSF18	TNFRSF14	9606	0.764	0	0	0	0.086	0	0	0.753
9606.ENSP00000328207	9606.ENSP00000478699	TNFRSF18	TNFRSF9	9606	0.916	0	0	0	0.137	0	0	0.907
9606.ENSP00000328207	9606.ENSP00000368538	TNFRSF18	TNFRSF4	9606	0.959	0	0	0	0.302	0	0	0.944
9606.ENSP00000329137	9606.ENSP00000367173	C1QTNF12	RNF207	9606	0.205	0	0	0	0.049	0	0	0.199
9606.ENSP00000329137	9606.ENSP00000368411	C1QTNF12	SCNN1D	9606	0.207	0	0	0	0.099	0	0	0.156
9606.ENSP00000329137	9606.ENSP00000343890	C1QTNF12	CPTP	9606	0.265	0	0	0	0.105	0	0	0.213
9606.ENSP00000329137	9606.ENSP00000445688	C1QTNF12	ANKRD65	9606	0.321	0	0	0	0	0	0	0.321
9606.ENSP00000329137	9606.ENSP00000346733	C1QTNF12	ACAP3	9606	0.335	0	0	0	0.082	0	0	0.306
9606.ENSP00000329137	9606.ENSP00000383719	C1QTNF12	UBE2J2	9606	0.344	0	0.168	0	0.054	0	0	0.234
9606.ENSP00000329982	9606.ENSP00000367872	OR4F16	GNB1	9606	0.682	0	0	0	0	0.129	0.65	0
9606.ENSP00000329982	9606.ENSP00000409316	OR4F16	OR4F29	9606	0.999	0	0	0.047	0.999	0	0	0
9606.ENSP00000331867	9606.ENSP00000496593	TAS1R1	ESPN	9606	0.228	0	0	0	0.074	0.113	0	0.135
9606.ENSP00000331867	9606.ENSP00000343890	TAS1R1	CPTP	9606	0.327	0	0	0	0	0	0	0.327
9606.ENSP00000331867	9606.ENSP00000368411	TAS1R1	SCNN1D	9606	0.42	0	0	0	0.05	0	0	0.415
9606.ENSP00000331867	9606.ENSP00000366934	TAS1R1	NOL9	9606	0.505	0	0	0	0	0	0	0.505
9606.ENSP00000331867	9606.ENSP00000366902	TAS1R1	ZBTB48	9606	0.506	0	0.003	0	0.049	0	0	0.502
9606.ENSP00000331867	9606.ENSP00000367872	TAS1R1	GNB1	9606	0.511	0	0	0	0	0	0.5	0.064
9606.ENSP00000331867	9606.ENSP00000368166	TAS1R1	DVL1	9606	0.682	0	0	0	0.047	0	0	0.68
9606.ENSP00000331867	9606.ENSP00000344411	TAS1R1	TAS1R3	9606	0.998	0	0	0.074	0	0.292	0.9	0.985
9606.ENSP00000334393	9606.ENSP00000393198	OR4F5	HES4	9606	0.248	0	0	0	0	0	0	0.248
9606.ENSP00000334393	9606.ENSP00000342313	OR4F5	SAMD11	9606	0.37	0	0	0	0	0	0	0.37
9606.ENSP00000334393	9606.ENSP00000368720	OR4F5	PLEKHN1	9606	0.451	0	0	0	0	0.049	0	0.447
9606.ENSP00000334393	9606.ENSP00000367872	OR4F5	GNB1	9606	0.682	0	0	0	0	0.129	0.65	0
9606.ENSP00000339524	9606.ENSP00000367433	DFFB	AJAP1	9606	0.222	0	0	0	0	0	0	0.222
9606.ENSP00000339524	9606.ENSP00000367595	DFFB	TPRG1L	9606	0.257	0	0	0	0.049	0	0	0.25
9606.ENSP00000339524	9606.ENSP00000348982	DFFB	MEGF6	9606	0.265	0	0	0	0.042	0	0	0.265
9606.ENSP00000339524	9606.ENSP00000367498	DFFB	LRRC47	9606	0.27	0	0	0	0.072	0	0	0.246
9606.ENSP00000339524	9606.ENSP00000355306	DFFB	C1orf174	9606	0.293	0	0	0	0.127	0	0	0.224
9606.ENSP00000339524	9606.ENSP00000367013	DFFB	TNFRSF25	9606	0.341	0	0	0	0.056	0	0	0.33
9606.ENSP00000339524	9606.ENSP00000367476	DFFB	CEP104	9606	0.404	0	0	0	0.087	0	0	0.374
9606.ENSP00000340278	9606.ENSP00000355306	PARK7	C1orf174	9606	0.22	0	0	0	0.058	0	0	0.206
9606.ENSP00000340278	9606.ENSP00000366702	PARK7	ERRFI1	9606	0.225	0	0	0	0.05	0	0	0.218
9606.ENSP00000340278	9606.ENSP00000346088	PARK7	RPL22	9606	0.227	0	0	0	0.147	0.094	0	0.079
9606.ENSP00000340278	9606.ENSP00000367668	PARK7	MMEL1	9606	0.228	0	0	0	0	0	0	0.228
9606.ENSP00000340278	9606.ENSP00000499387	PARK7	SDF4	9606	0.232	0	0	0	0.119	0	0	0.164
9606.ENSP00000340278	9606.ENSP00000341082	PARK7	MRPL20	9606	0.236	0.072	0	0	0.21	0	0	0
9606.ENSP00000340278	9606.ENSP00000367890	PARK7	NADK	9606	0.248	0.231	0	0	0	0	0	0.063
9606.ENSP00000340278	9606.ENSP00000366800	PARK7	DNAJC11	9606	0.253	0.057	0	0	0.071	0.15	0	0.115
9606.ENSP00000340278	9606.ENSP00000342676	PARK7	AURKAIP1	9606	0.31	0	0	0	0.31	0	0	0
9606.ENSP00000340278	9606.ENSP00000367323	PARK7	KCNAB2	9606	0.345	0.06	0	0	0.201	0	0	0.199
9606.ENSP00000341082	9606.ENSP00000368318	MRPL20	PUSL1	9606	0.311	0	0	0	0.08	0	0	0.282
9606.ENSP00000341082	9606.ENSP00000383719	MRPL20	UBE2J2	9606	0.314	0	0.261	0	0.109	0	0	0
9606.ENSP00000341082	9606.ENSP00000366876	MRPL20	PHF13	9606	0.319	0	0	0	0.059	0	0	0.306
9606.ENSP00000341082	9606.ENSP00000368030	MRPL20	ATAD3A	9606	0.384	0	0	0	0.082	0.292	0	0.129
9606.ENSP00000341082	9606.ENSP00000367498	MRPL20	LRRC47	9606	0.535	0.12	0	0	0.214	0	0	0.381
9606.ENSP00000341082	9606.ENSP00000342676	MRPL20	AURKAIP1	9606	0.865	0	0	0	0.286	0.815	0	0.065
9606.ENSP00000342313	9606.ENSP00000414022	SAMD11	PERM1	9606	0.225	0	0	0	0.056	0	0	0.213
9606.ENSP00000342313	9606.ENSP00000368411	SAMD11	SCNN1D	9606	0.249	0	0	0	0.043	0	0	0.248
9606.ENSP00000342313	9606.ENSP00000481694	SAMD11	SLC35E2B	9606	0.249	0	0	0	0.047	0	0	0.245
9606.ENSP00000342313	9606.ENSP00000495949	SAMD11	SLC35E2A	9606	0.255	0	0	0	0.047	0	0	0.251
9606.ENSP00000342313	9606.ENSP00000367848	SAMD11	GABRD	9606	0.261	0	0	0	0.067	0	0	0.24
9606.ENSP00000342313	9606.ENSP00000368720	SAMD11	PLEKHN1	9606	0.291	0	0	0	0.044	0	0	0.289
9606.ENSP00000342313	9606.ENSP00000368592	SAMD11	TTLL10	9606	0.303	0	0	0	0.044	0	0	0.301
9606.ENSP00000342313	9606.ENSP00000393198	SAMD11	HES4	9606	0.338	0	0	0	0.067	0	0	0.32
9606.ENSP00000342313	9606.ENSP00000417185	SAMD11	VWA1	9606	0.352	0	0	0	0.047	0	0	0.348
9606.ENSP00000342313	9606.ENSP00000368318	SAMD11	PUSL1	9606	0.388	0	0	0	0.06	0	0	0.375
9606.ENSP00000342313	9606.ENSP00000343930	SAMD11	KLHL17	9606	0.53	0	0	0	0.08	0	0	0.51
9606.ENSP00000342676	9606.ENSP00000367086	AURKAIP1	ACOT7	9606	0.21	0	0	0	0.084	0	0	0.173
9606.ENSP00000342676	9606.ENSP00000383719	AURKAIP1	UBE2J2	9606	0.279	0	0	0	0.188	0	0	0.149
9606.ENSP00000342676	9606.ENSP00000464036	AURKAIP1	CDK11B	9606	0.38	0	0	0	0.049	0	0	0.375
9606.ENSP00000343552	9606.ENSP00000367498	ICMT	LRRC47	9606	0.209	0.046	0	0	0.205	0	0	0
9606.ENSP00000343552	9606.ENSP00000367476	ICMT	CEP104	9606	0.228	0	0	0	0.228	0	0	0
9606.ENSP00000343552	9606.ENSP00000367323	ICMT	KCNAB2	9606	0.237	0	0	0	0.042	0	0	0.236
9606.ENSP00000343552	9606.ENSP00000346088	ICMT	RPL22	9606	0.245	0	0.152	0	0.05	0	0	0.137
9606.ENSP00000343552	9606.ENSP00000366886	ICMT	KLHL21	9606	0.257	0	0	0	0.067	0	0	0.236
9606.ENSP00000343552	9606.ENSP00000367086	ICMT	ACOT7	9606	0.283	0	0	0	0.084	0	0	0.25
9606.ENSP00000343552	9606.ENSP00000478699	ICMT	TNFRSF9	9606	0.353	0	0	0	0	0	0	0.353
9606.ENSP00000343552	9606.ENSP00000366934	ICMT	NOL9	9606	0.371	0	0	0	0.068	0	0	0.353
9606.ENSP00000343552	9606.ENSP00000367173	ICMT	RNF207	9606	0.382	0	0	0	0	0	0	0.382
9606.ENSP00000343552	9606.ENSP00000367125	ICMT	GPR153	9606	0.443	0	0.181	0	0	0	0	0.347
9606.ENSP00000343890	9606.ENSP00000383710	CPTP	FAAP20	9606	0.209	0	0	0	0.058	0	0	0.195
9606.ENSP00000343890	9606.ENSP00000367323	CPTP	KCNAB2	9606	0.22	0	0	0	0.072	0	0	0.194
9606.ENSP00000343890	9606.ENSP00000399229	CPTP	MXRA8	9606	0.236	0	0	0	0.083	0	0	0.202
9606.ENSP00000343890	9606.ENSP00000366876	CPTP	PHF13	9606	0.252	0	0	0	0.064	0.079	0	0.203
9606.ENSP00000343890	9606.ENSP00000367173	CPTP	RNF207	9606	0.256	0	0	0	0	0	0	0.257
9606.ENSP00000343890	9606.ENSP00000368030	CPTP	ATAD3A	9606	0.269	0	0	0	0.218	0	0	0.104
9606.ENSP00000343890	9606.ENSP00000445001	CPTP	INTS11	9606	0.274	0	0	0	0.133	0	0	0.197
9606.ENSP00000343890	9606.ENSP00000368411	CPTP	SCNN1D	9606	0.275	0	0	0	0.107	0	0	0.222
9606.ENSP00000343890	9606.ENSP00000426103	CPTP	MIB2	9606	0.276	0	0	0	0.276	0	0	0
9606.ENSP00000343890	9606.ENSP00000346733	CPTP	ACAP3	9606	0.352	0	0	0	0.149	0	0	0.27
9606.ENSP00000343890	9606.ENSP00000368318	CPTP	PUSL1	9606	0.385	0	0	0	0.182	0	0	0.279
9606.ENSP00000343890	9606.ENSP00000366902	CPTP	ZBTB48	9606	0.403	0	0	0	0.1	0	0	0.364
9606.ENSP00000343890	9606.ENSP00000344411	CPTP	TAS1R3	9606	0.419	0	0	0	0.109	0	0	0.374
9606.ENSP00000343890	9606.ENSP00000368166	CPTP	DVL1	9606	0.422	0	0	0	0.179	0	0	0.325
9606.ENSP00000343890	9606.ENSP00000366934	CPTP	NOL9	9606	0.457	0	0	0	0.047	0	0	0.453
9606.ENSP00000343930	9606.ENSP00000393198	KLHL17	HES4	9606	0.203	0	0	0	0.104	0	0	0.147
9606.ENSP00000343930	9606.ENSP00000346733	KLHL17	ACAP3	9606	0.224	0	0	0	0.224	0	0	0
9606.ENSP00000343930	9606.ENSP00000368030	KLHL17	ATAD3A	9606	0.244	0	0	0	0.245	0	0	0
9606.ENSP00000343930	9606.ENSP00000368592	KLHL17	TTLL10	9606	0.245	0	0	0	0.049	0	0	0.238
9606.ENSP00000343930	9606.ENSP00000368644	KLHL17	C1orf159	9606	0.245	0	0	0	0.246	0	0	0
9606.ENSP00000343930	9606.ENSP00000368678	KLHL17	AGRN	9606	0.267	0	0	0	0.118	0	0	0.203
9606.ENSP00000343930	9606.ENSP00000414022	KLHL17	PERM1	9606	0.268	0	0	0	0.097	0	0	0.223
9606.ENSP00000343930	9606.ENSP00000368166	KLHL17	DVL1	9606	0.272	0	0	0	0.204	0.092	0	0.073
9606.ENSP00000343930	9606.ENSP00000344411	KLHL17	TAS1R3	9606	0.273	0	0	0	0.099	0	0	0.226
9606.ENSP00000343930	9606.ENSP00000367848	KLHL17	GABRD	9606	0.286	0	0	0	0.068	0	0	0.265
9606.ENSP00000343930	9606.ENSP00000368411	KLHL17	SCNN1D	9606	0.328	0	0	0	0.126	0	0	0.263
9606.ENSP00000343930	9606.ENSP00000417185	KLHL17	VWA1	9606	0.368	0	0	0	0.042	0	0	0.367
9606.ENSP00000343930	9606.ENSP00000426103	KLHL17	MIB2	9606	0.371	0	0	0	0.192	0.099	0	0.204
9606.ENSP00000343930	9606.ENSP00000368720	KLHL17	PLEKHN1	9606	0.383	0	0.075	0	0.117	0	0	0.305
9606.ENSP00000343930	9606.ENSP00000368318	KLHL17	PUSL1	9606	0.433	0	0	0	0.11	0	0	0.389
9606.ENSP00000343930	9606.ENSP00000367398	KLHL17	NPHP4	9606	0.483	0	0	0	0.124	0.074	0	0.414
9606.ENSP00000344411	9606.ENSP00000368592	TAS1R3	TTLL10	9606	0.2	0	0	0	0.048	0	0	0.194
9606.ENSP00000344411	9606.ENSP00000368318	TAS1R3	PUSL1	9606	0.287	0	0	0	0.062	0	0	0.271
9606.ENSP00000344411	9606.ENSP00000367830	TAS1R3	PRKCZ	9606	0.307	0	0	0	0	0.128	0	0.237
9606.ENSP00000344411	9606.ENSP00000366902	TAS1R3	ZBTB48	9606	0.39	0	0	0	0.072	0	0	0.37
9606.ENSP00000344411	9606.ENSP00000366934	TAS1R3	NOL9	9606	0.455	0	0	0	0	0	0	0.455
9606.ENSP00000344411	9606.ENSP00000368411	TAS1R3	SCNN1D	9606	0.455	0	0	0	0.105	0	0	0.416
9606.ENSP00000344411	9606.ENSP00000367872	TAS1R3	GNB1	9606	0.511	0	0	0	0	0	0.5	0.064
9606.ENSP00000344411	9606.ENSP00000368166	TAS1R3	DVL1	9606	0.632	0	0	0	0.087	0	0	0.613
9606.ENSP00000346088	9606.ENSP00000367872	RPL22	GNB1	9606	0.257	0	0	0	0.1	0.209	0	0
9606.ENSP00000346088	9606.ENSP00000367173	RPL22	RNF207	9606	0.269	0	0	0	0	0	0	0.269
9606.ENSP00000346088	9606.ENSP00000368678	RPL22	AGRN	9606	0.292	0	0	0	0.042	0.292	0	0
9606.ENSP00000346088	9606.ENSP00000367086	RPL22	ACOT7	9606	0.454	0	0	0	0.044	0	0	0.452
9606.ENSP00000346088	9606.ENSP00000366934	RPL22	NOL9	9606	0.504	0	0	0	0.049	0	0.5	0
9606.ENSP00000346088	9606.ENSP00000496832	RPL22	ISG15	9606	0.507	0	0	0	0.14	0.418	0	0.094
9606.ENSP00000346733	9606.ENSP00000445688	ACAP3	ANKRD65	9606	0.205	0	0	0	0.059	0	0	0.19
9606.ENSP00000346733	9606.ENSP00000367629	ACAP3	ARHGEF16	9606	0.209	0	0	0	0.055	0	0	0.198
9606.ENSP00000346733	9606.ENSP00000367872	ACAP3	GNB1	9606	0.237	0	0	0	0.067	0	0	0.216
9606.ENSP00000346733	9606.ENSP00000368030	ACAP3	ATAD3A	9606	0.238	0	0	0	0.113	0	0	0.177
9606.ENSP00000346733	9606.ENSP00000367086	ACAP3	ACOT7	9606	0.248	0	0	0	0.042	0	0	0.248
9606.ENSP00000346733	9606.ENSP00000495949	ACAP3	SLC35E2A	9606	0.276	0	0.044	0	0	0	0	0.273
9606.ENSP00000346733	9606.ENSP00000368166	ACAP3	DVL1	9606	0.291	0	0	0	0.213	0	0	0.136
9606.ENSP00000346733	9606.ENSP00000399229	ACAP3	MXRA8	9606	0.293	0	0	0	0.084	0	0	0.26
9606.ENSP00000346733	9606.ENSP00000500094	ACAP3	ATAD3B	9606	0.315	0	0	0	0.151	0	0	0.227
9606.ENSP00000346733	9606.ENSP00000481694	ACAP3	SLC35E2B	9606	0.316	0	0.096	0	0.062	0	0	0.259
9606.ENSP00000346733	9606.ENSP00000368720	ACAP3	PLEKHN1	9606	0.323	0	0	0	0.056	0.049	0	0.307
9606.ENSP00000346733	9606.ENSP00000499387	ACAP3	SDF4	9606	0.355	0	0	0	0.141	0	0	0.281
9606.ENSP00000346733	9606.ENSP00000445001	ACAP3	INTS11	9606	0.374	0	0	0	0.142	0	0	0.301
9606.ENSP00000346733	9606.ENSP00000426103	ACAP3	MIB2	9606	0.392	0	0	0	0.393	0	0	0
9606.ENSP00000346733	9606.ENSP00000368318	ACAP3	PUSL1	9606	0.608	0	0	0	0.075	0	0	0.594
9606.ENSP00000346733	9606.ENSP00000383719	ACAP3	UBE2J2	9606	0.634	0	0.036	0	0.068	0	0	0.624
9606.ENSP00000346733	9606.ENSP00000368411	ACAP3	SCNN1D	9606	0.645	0	0	0	0.197	0	0	0.577
9606.ENSP00000347948	9606.ENSP00000496832	TNFRSF14	ISG15	9606	0.233	0	0	0	0.087	0	0	0.194
9606.ENSP00000347948	9606.ENSP00000367013	TNFRSF14	TNFRSF25	9606	0.343	0	0	0	0.137	0	0	0.269
9606.ENSP00000347948	9606.ENSP00000367668	TNFRSF14	MMEL1	9606	0.516	0	0	0	0.054	0	0	0.51
9606.ENSP00000347948	9606.ENSP00000478699	TNFRSF14	TNFRSF9	9606	0.758	0	0	0	0.06	0	0	0.753
9606.ENSP00000347948	9606.ENSP00000368538	TNFRSF14	TNFRSF4	9606	0.838	0	0	0	0.141	0	0	0.82
9606.ENSP00000348308	9606.ENSP00000399229	MMP23B	MXRA8	9606	0.206	0	0	0	0.167	0	0	0.085
9606.ENSP00000348308	9606.ENSP00000348982	MMP23B	MEGF6	9606	0.22	0	0	0	0.099	0	0	0.17
9606.ENSP00000348308	9606.ENSP00000367848	MMP23B	GABRD	9606	0.292	0	0	0	0	0	0	0.292
9606.ENSP00000348308	9606.ENSP00000367323	MMP23B	KCNAB2	9606	0.327	0	0	0	0.057	0	0	0.316
9606.ENSP00000348308	9606.ENSP00000464036	MMP23B	CDK11B	9606	0.858	0	0	0	0	0	0	0.858
9606.ENSP00000348308	9606.ENSP00000367900	MMP23B	CDK11A	9606	0.861	0	0	0	0	0	0	0.861
9606.ENSP00000348982	9606.ENSP00000426103	MEGF6	MIB2	9606	0.215	0	0	0	0.127	0.129	0	0.051
9606.ENSP00000348982	9606.ENSP00000367498	MEGF6	LRRC47	9606	0.22	0	0	0	0	0	0	0.22
9606.ENSP00000348982	9606.ENSP00000367545	MEGF6	TP73	9606	0.23	0	0	0	0.056	0.045	0	0.214
9606.ENSP00000348982	9606.ENSP00000367747	MEGF6	PLCH2	9606	0.25	0	0	0	0.062	0	0	0.233
9606.ENSP00000348982	9606.ENSP00000355306	MEGF6	C1orf174	9606	0.26	0	0	0	0	0	0	0.26
9606.ENSP00000348982	9606.ENSP00000367595	MEGF6	TPRG1L	9606	0.266	0	0	0	0.042	0	0	0.266
9606.ENSP00000348982	9606.ENSP00000417061	MEGF6	CFAP74	9606	0.311	0	0	0	0.049	0.115	0	0.247
9606.ENSP00000348982	9606.ENSP00000367629	MEGF6	ARHGEF16	9606	0.316	0	0	0	0.074	0	0	0.292
9606.ENSP00000348982	9606.ENSP00000498888	MEGF6	PANK4	9606	0.317	0	0	0	0.058	0.101	0	0.259
9606.ENSP00000348982	9606.ENSP00000367658	MEGF6	ACTRT2	9606	0.337	0	0	0	0	0.103	0	0.291
9606.ENSP00000348982	9606.ENSP00000367476	MEGF6	CEP104	9606	0.399	0	0	0	0	0	0	0.399
9606.ENSP00000348982	9606.ENSP00000367792	MEGF6	MORN1	9606	0.462	0	0	0	0.05	0.094	0	0.425
9606.ENSP00000355306	9606.ENSP00000368644	C1orf174	C1orf159	9606	0.204	0	0	0.204	0	0	0	0
9606.ENSP00000355306	9606.ENSP00000367629	C1orf174	ARHGEF16	9606	0.243	0	0	0	0	0	0	0.244
9606.ENSP00000355306	9606.ENSP00000367433	C1orf174	AJAP1	9606	0.321	0	0	0	0.047	0	0	0.317
9606.ENSP00000355306	9606.ENSP00000367658	C1orf174	ACTRT2	9606	0.335	0	0	0	0	0	0	0.335
9606.ENSP00000355306	9606.ENSP00000367595	C1orf174	TPRG1L	9606	0.37	0	0	0	0.042	0	0	0.37
9606.ENSP00000355306	9606.ENSP00000367498	C1orf174	LRRC47	9606	0.509	0	0	0	0.149	0	0	0.447
9606.ENSP00000355306	9606.ENSP00000367476	C1orf174	CEP104	9606	0.515	0	0	0	0.06	0	0	0.506
9606.ENSP00000366702	9606.ENSP00000367323	ERRFI1	KCNAB2	9606	0.205	0	0	0	0	0	0	0.205
9606.ENSP00000366702	9606.ENSP00000399229	ERRFI1	MXRA8	9606	0.227	0	0	0.226	0.043	0	0	0
9606.ENSP00000366800	9606.ENSP00000414022	DNAJC11	PERM1	9606	0.218	0	0	0	0	0.071	0	0.193
9606.ENSP00000366800	9606.ENSP00000383719	DNAJC11	UBE2J2	9606	0.22	0	0	0	0.054	0	0	0.209
9606.ENSP00000366800	9606.ENSP00000368062	DNAJC11	ATAD3C	9606	0.226	0	0	0	0.213	0	0	0.057
9606.ENSP00000366800	9606.ENSP00000366934	DNAJC11	NOL9	9606	0.27	0	0	0	0.115	0	0	0.209
9606.ENSP00000366800	9606.ENSP00000366886	DNAJC11	KLHL21	9606	0.279	0	0	0	0.049	0	0	0.273
9606.ENSP00000366800	9606.ENSP00000368318	DNAJC11	PUSL1	9606	0.302	0.052	0	0	0.088	0	0	0.257
9606.ENSP00000366800	9606.ENSP00000367498	DNAJC11	LRRC47	9606	0.351	0	0	0	0.077	0.091	0	0.288
9606.ENSP00000366800	9606.ENSP00000500094	DNAJC11	ATAD3B	9606	0.489	0	0	0	0.386	0	0	0.202
9606.ENSP00000366800	9606.ENSP00000368030	DNAJC11	ATAD3A	9606	0.556	0	0	0	0.267	0.292	0	0.213
9606.ENSP00000366876	9606.ENSP00000367173	PHF13	RNF207	9606	0.227	0	0	0	0.052	0.073	0	0.192
9606.ENSP00000366876	9606.ENSP00000366886	PHF13	KLHL21	9606	0.302	0	0	0	0.083	0	0	0.271
9606.ENSP00000366886	9606.ENSP00000368166	KLHL21	DVL1	9606	0.202	0	0	0	0.163	0.086	0	0
9606.ENSP00000366886	9606.ENSP00000367173	KLHL21	RNF207	9606	0.231	0	0	0	0.049	0	0	0.225
9606.ENSP00000366886	9606.ENSP00000367398	KLHL21	NPHP4	9606	0.232	0	0	0	0.058	0.064	0	0.199
9606.ENSP00000366886	9606.ENSP00000367433	KLHL21	AJAP1	9606	0.253	0	0	0	0	0	0	0.253
9606.ENSP00000366886	9606.ENSP00000439625	KLHL21	PLEKHG5	9606	0.26	0	0	0	0.055	0	0	0.249
9606.ENSP00000366886	9606.ENSP00000367013	KLHL21	TNFRSF25	9606	0.375	0	0	0	0.045	0	0	0.372
9606.ENSP00000366886	9606.ENSP00000367086	KLHL21	ACOT7	9606	0.378	0	0	0	0	0	0	0.378
9606.ENSP00000366886	9606.ENSP00000366934	KLHL21	NOL9	9606	0.581	0	0.123	0	0.06	0	0	0.532
9606.ENSP00000366902	9606.ENSP00000413218	ZBTB48	PRXL2B	9606	0.217	0	0	0	0.056	0.045	0	0.202
9606.ENSP00000366902	9606.ENSP00000426103	ZBTB48	MIB2	9606	0.249	0	0	0	0.086	0.094	0	0.166
9606.ENSP00000366902	9606.ENSP00000464036	ZBTB48	CDK11B	9606	0.264	0	0	0	0.086	0.042	0	0.228
9606.ENSP00000366902	9606.ENSP00000368166	ZBTB48	DVL1	9606	0.322	0	0	0	0.067	0.056	0	0.292
9606.ENSP00000366902	9606.ENSP00000366934	ZBTB48	NOL9	9606	0.625	0	0	0	0	0	0	0.625
9606.ENSP00000366934	9606.ENSP00000367065	NOL9	HES2	9606	0.204	0	0	0	0	0	0	0.204
9606.ENSP00000366934	9606.ENSP00000496593	NOL9	ESPN	9606	0.228	0	0	0	0.049	0	0	0.222
9606.ENSP00000366934	9606.ENSP00000500094	NOL9	ATAD3B	9606	0.292	0	0	0	0.149	0	0	0.203
9606.ENSP00000366934	9606.ENSP00000368166	NOL9	DVL1	9606	0.303	0	0	0	0.049	0	0	0.297
9606.ENSP00000366934	9606.ENSP00000439625	NOL9	PLEKHG5	9606	0.346	0	0.154	0	0	0	0	0.259
9606.ENSP00000366934	9606.ENSP00000478699	NOL9	TNFRSF9	9606	0.365	0	0	0	0.062	0	0	0.351
9606.ENSP00000366934	9606.ENSP00000367086	NOL9	ACOT7	9606	0.386	0.057	0	0	0.062	0	0	0.361
9606.ENSP00000366934	9606.ENSP00000481694	NOL9	SLC35E2B	9606	0.414	0	0	0	0	0	0	0.414
9606.ENSP00000366934	9606.ENSP00000495949	NOL9	SLC35E2A	9606	0.421	0	0	0	0	0	0	0.421
9606.ENSP00000366934	9606.ENSP00000367173	NOL9	RNF207	9606	0.471	0	0	0	0.049	0	0	0.467
9606.ENSP00000367013	9606.ENSP00000367433	TNFRSF25	AJAP1	9606	0.209	0	0	0	0	0	0	0.209
9606.ENSP00000367013	9606.ENSP00000367545	TNFRSF25	TP73	9606	0.285	0	0	0	0.055	0	0	0.275
9606.ENSP00000367013	9606.ENSP00000439625	TNFRSF25	PLEKHG5	9606	0.311	0	0.222	0	0.104	0	0	0.09
9606.ENSP00000367013	9606.ENSP00000478699	TNFRSF25	TNFRSF9	9606	0.631	0	0	0	0.042	0	0	0.631
9606.ENSP00000367013	9606.ENSP00000368538	TNFRSF25	TNFRSF4	9606	0.651	0	0	0	0.075	0	0	0.639
9606.ENSP00000367065	9606.ENSP00000367173	HES2	RNF207	9606	0.235	0	0	0	0.05	0.071	0	0.203
9606.ENSP00000367065	9606.ENSP00000367130	HES2	HES3	9606	0.313	0	0	0	0	0	0	0.313
9606.ENSP00000367086	9606.ENSP00000367797	ACOT7	SKI	9606	0.206	0	0	0	0	0	0	0.206
9606.ENSP00000367086	9606.ENSP00000367433	ACOT7	AJAP1	9606	0.219	0	0	0	0.085	0	0	0.181
9606.ENSP00000367086	9606.ENSP00000439625	ACOT7	PLEKHG5	9606	0.24	0	0	0	0.073	0	0	0.213
9606.ENSP00000367086	9606.ENSP00000367545	ACOT7	TP73	9606	0.285	0	0	0	0.045	0	0	0.282
9606.ENSP00000367086	9606.ENSP00000367595	ACOT7	TPRG1L	9606	0.339	0	0	0	0.044	0	0	0.337
9606.ENSP00000367086	9606.ENSP00000475168	ACOT7	RER1	9606	0.36	0	0	0	0.06	0	0	0.347
9606.ENSP00000367086	9606.ENSP00000367629	ACOT7	ARHGEF16	9606	0.362	0	0	0	0.044	0	0	0.36
9606.ENSP00000367086	9606.ENSP00000496593	ACOT7	ESPN	9606	0.381	0	0.142	0	0	0	0	0.308
9606.ENSP00000367086	9606.ENSP00000367173	ACOT7	RNF207	9606	0.385	0	0	0	0	0	0	0.385
9606.ENSP00000367086	9606.ENSP00000367125	ACOT7	GPR153	9606	0.418	0	0	0	0.062	0	0	0.405
9606.ENSP00000367086	9606.ENSP00000368411	ACOT7	SCNN1D	9606	0.462	0	0	0	0	0	0	0.462
9606.ENSP00000367086	9606.ENSP00000367323	ACOT7	KCNAB2	9606	0.47	0.046	0	0	0.085	0	0	0.442
9606.ENSP00000367125	9606.ENSP00000399229	GPR153	MXRA8	9606	0.201	0	0	0	0.083	0	0	0.164
9606.ENSP00000367125	9606.ENSP00000367545	GPR153	TP73	9606	0.23	0	0	0	0.056	0	0	0.217
9606.ENSP00000367125	9606.ENSP00000367323	GPR153	KCNAB2	9606	0.251	0	0	0	0.047	0	0	0.246
9606.ENSP00000367125	9606.ENSP00000368644	GPR153	C1orf159	9606	0.278	0	0	0	0.049	0	0	0.272
9606.ENSP00000367125	9606.ENSP00000496593	GPR153	ESPN	9606	0.322	0	0	0	0.053	0.071	0	0.291
9606.ENSP00000367125	9606.ENSP00000475168	GPR153	RER1	9606	0.326	0	0	0	0	0	0	0.326
9606.ENSP00000367125	9606.ENSP00000367629	GPR153	ARHGEF16	9606	0.388	0	0	0	0.134	0	0	0.321
9606.ENSP00000367125	9606.ENSP00000367595	GPR153	TPRG1L	9606	0.436	0	0	0	0.049	0.125	0	0.377
9606.ENSP00000367125	9606.ENSP00000367173	GPR153	RNF207	9606	0.462	0	0	0	0.05	0.058	0	0.447
9606.ENSP00000367130	9606.ENSP00000367173	HES3	RNF207	9606	0.244	0	0	0	0	0.071	0	0.22
9606.ENSP00000367130	9606.ENSP00000367714	HES3	HES5	9606	0.258	0	0	0	0	0.071	0	0.235
9606.ENSP00000367130	9606.ENSP00000393198	HES3	HES4	9606	0.369	0	0	0	0	0	0	0.369
9606.ENSP00000367173	9606.ENSP00000367747	RNF207	PLCH2	9606	0.213	0	0	0	0.067	0	0	0.192
9606.ENSP00000367173	9606.ENSP00000367433	RNF207	AJAP1	9606	0.266	0	0	0	0	0	0	0.266
9606.ENSP00000367173	9606.ENSP00000368411	RNF207	SCNN1D	9606	0.309	0	0	0	0.049	0	0	0.303
9606.ENSP00000367173	9606.ENSP00000367323	RNF207	KCNAB2	9606	0.35	0	0	0	0.047	0	0	0.346
9606.ENSP00000367323	9606.ENSP00000496593	KCNAB2	ESPN	9606	0.206	0	0	0	0.048	0.062	0	0.182
9606.ENSP00000367323	9606.ENSP00000367398	KCNAB2	NPHP4	9606	0.306	0	0	0	0.067	0	0	0.287
9606.ENSP00000367323	9606.ENSP00000367797	KCNAB2	SKI	9606	0.346	0	0	0	0.068	0.05	0	0.321
9606.ENSP00000367323	9606.ENSP00000368166	KCNAB2	DVL1	9606	0.354	0	0	0	0.067	0	0	0.336
9606.ENSP00000367323	9606.ENSP00000367848	KCNAB2	GABRD	9606	0.499	0	0	0	0.087	0	0	0.474
9606.ENSP00000367323	9606.ENSP00000367830	KCNAB2	PRKCZ	9606	0.783	0	0	0	0.049	0.094	0	0.769
9606.ENSP00000367398	9606.ENSP00000367476	NPHP4	CEP104	9606	0.251	0	0	0	0.049	0	0	0.245
9606.ENSP00000367398	9606.ENSP00000367433	NPHP4	AJAP1	9606	0.287	0	0	0	0.062	0	0	0.272
9606.ENSP00000367398	9606.ENSP00000496593	NPHP4	ESPN	9606	0.372	0	0	0	0	0.053	0	0.364
9606.ENSP00000367398	9606.ENSP00000368166	NPHP4	DVL1	9606	0.519	0	0	0	0.083	0	0	0.498
9606.ENSP00000367433	9606.ENSP00000367595	AJAP1	TPRG1L	9606	0.201	0	0	0	0	0	0	0.201
9606.ENSP00000367433	9606.ENSP00000367629	AJAP1	ARHGEF16	9606	0.222	0	0	0	0.042	0	0	0.222
9606.ENSP00000367433	9606.ENSP00000367545	AJAP1	TP73	9606	0.229	0	0	0	0	0	0	0.23
9606.ENSP00000367433	9606.ENSP00000367658	AJAP1	ACTRT2	9606	0.295	0	0	0	0	0	0	0.295
9606.ENSP00000367433	9606.ENSP00000367476	AJAP1	CEP104	9606	0.311	0	0	0	0	0	0	0.311
9606.ENSP00000367476	9606.ENSP00000368592	CEP104	TTLL10	9606	0.205	0	0	0	0	0	0	0.205
9606.ENSP00000367476	9606.ENSP00000367545	CEP104	TP73	9606	0.233	0	0	0	0.047	0	0	0.229
9606.ENSP00000367476	9606.ENSP00000367658	CEP104	ACTRT2	9606	0.25	0	0	0	0	0	0	0.251
9606.ENSP00000367476	9606.ENSP00000457386	CEP104	SMIM1	9606	0.265	0	0	0	0	0	0	0.265
9606.ENSP00000367476	9606.ENSP00000367595	CEP104	TPRG1L	9606	0.362	0	0	0	0.14	0	0	0.289
9606.ENSP00000367476	9606.ENSP00000367498	CEP104	LRRC47	9606	0.716	0	0.415	0	0.197	0	0	0.445
9606.ENSP00000367498	9606.ENSP00000367545	LRRC47	TP73	9606	0.224	0	0	0	0	0	0	0.224
9606.ENSP00000367498	9606.ENSP00000367658	LRRC47	ACTRT2	9606	0.286	0	0	0	0	0	0	0.287
9606.ENSP00000367498	9606.ENSP00000368318	LRRC47	PUSL1	9606	0.287	0.101	0	0	0.126	0	0	0.166
9606.ENSP00000367498	9606.ENSP00000457386	LRRC47	SMIM1	9606	0.297	0	0	0	0	0	0	0.297
9606.ENSP00000367498	9606.ENSP00000367595	LRRC47	TPRG1L	9606	0.344	0	0	0	0.085	0	0	0.312
9606.ENSP00000367498	9606.ENSP00000383719	LRRC47	UBE2J2	9606	0.366	0	0	0	0.181	0	0	0.258
9606.ENSP00000367545	9606.ENSP00000478699	TP73	TNFRSF9	9606	0.271	0	0	0	0.086	0	0	0.235
9606.ENSP00000367545	9606.ENSP00000475168	TP73	RER1	9606	0.28	0	0.064	0	0.042	0	0	0.261
9606.ENSP00000367545	9606.ENSP00000367629	TP73	ARHGEF16	9606	0.328	0	0	0	0.067	0	0	0.31
9606.ENSP00000367545	9606.ENSP00000367595	TP73	TPRG1L	9606	0.343	0	0	0	0.047	0	0	0.339
9606.ENSP00000367545	9606.ENSP00000367797	TP73	SKI	9606	0.419	0	0	0	0.057	0.073	0	0.389
9606.ENSP00000367595	9606.ENSP00000496593	TPRG1L	ESPN	9606	0.284	0	0	0	0	0.053	0	0.275
9606.ENSP00000367595	9606.ENSP00000367658	TPRG1L	ACTRT2	9606	0.347	0	0	0	0	0	0	0.348
9606.ENSP00000367595	9606.ENSP00000475168	TPRG1L	RER1	9606	0.409	0	0	0	0.118	0	0	0.357
9606.ENSP00000367595	9606.ENSP00000367629	TPRG1L	ARHGEF16	9606	0.47	0	0	0	0	0	0	0.47
9606.ENSP00000367629	9606.ENSP00000439625	ARHGEF16	PLEKHG5	9606	0.238	0	0	0	0.093	0.082	0	0.158
9606.ENSP00000367629	9606.ENSP00000496593	ARHGEF16	ESPN	9606	0.295	0	0	0	0.107	0	0	0.243
9606.ENSP00000367629	9606.ENSP00000475168	ARHGEF16	RER1	9606	0.366	0	0	0	0	0	0	0.366
9606.ENSP00000367629	9606.ENSP00000367658	ARHGEF16	ACTRT2	9606	0.426	0	0	0	0	0	0	0.426
9606.ENSP00000367658	9606.ENSP00000367872	ACTRT2	GNB1	9606	0.216	0	0	0	0.065	0	0	0.196
9606.ENSP00000367658	9606.ENSP00000368411	ACTRT2	SCNN1D	9606	0.248	0	0	0	0.06	0	0	0.233
9606.ENSP00000367658	9606.ENSP00000490537	ACTRT2	TTC34	9606	0.335	0	0	0	0	0.046	0	0.332
9606.ENSP00000367658	9606.ENSP00000417061	ACTRT2	CFAP74	9606	0.365	0	0	0	0.066	0	0	0.348
9606.ENSP00000367658	9606.ENSP00000498888	ACTRT2	PANK4	9606	0.368	0	0	0	0	0.133	0	0.301
9606.ENSP00000367668	9606.ENSP00000413218	MMEL1	PRXL2B	9606	0.2	0	0	0	0.08	0	0	0.167
9606.ENSP00000367668	9606.ENSP00000490537	MMEL1	TTC34	9606	0.221	0	0.051	0	0	0	0	0.212
9606.ENSP00000367668	9606.ENSP00000367747	MMEL1	PLCH2	9606	0.27	0	0	0	0.062	0	0	0.253
9606.ENSP00000367714	9606.ENSP00000393198	HES5	HES4	9606	0.278	0	0	0	0.095	0.071	0	0.21
9606.ENSP00000367714	9606.ENSP00000417185	HES5	VWA1	9606	0.343	0	0	0.338	0	0	0	0.049
9606.ENSP00000367714	9606.ENSP00000498888	HES5	PANK4	9606	0.557	0	0	0	0	0	0	0.557
9606.ENSP00000367747	9606.ENSP00000426103	PLCH2	MIB2	9606	0.201	0	0	0	0.086	0.071	0	0.135
9606.ENSP00000367747	9606.ENSP00000367797	PLCH2	SKI	9606	0.22	0	0	0	0.088	0.124	0	0.102
9606.ENSP00000367747	9606.ENSP00000368007	PLCH2	TMEM240	9606	0.236	0	0	0	0.086	0	0	0.199
9606.ENSP00000367747	9606.ENSP00000383719	PLCH2	UBE2J2	9606	0.237	0	0	0	0.068	0	0	0.215
9606.ENSP00000367747	9606.ENSP00000367792	PLCH2	MORN1	9606	0.323	0	0	0	0.095	0	0.11	0.226
9606.ENSP00000367747	9606.ENSP00000367830	PLCH2	PRKCZ	9606	0.358	0	0	0	0.101	0.053	0	0.307
9606.ENSP00000367747	9606.ENSP00000367872	PLCH2	GNB1	9606	0.592	0	0	0	0	0	0	0.592
9606.ENSP00000367792	9606.ENSP00000417061	MORN1	CFAP74	9606	0.218	0	0	0	0.072	0.171	0	0.066
9606.ENSP00000367792	9606.ENSP00000498888	MORN1	PANK4	9606	0.336	0	0	0	0.05	0.129	0	0.262
9606.ENSP00000367797	9606.ENSP00000367848	SKI	GABRD	9606	0.295	0	0	0	0.062	0.052	0	0.271
9606.ENSP00000367797	9606.ENSP00000368678	SKI	AGRN	9606	0.353	0	0	0	0.095	0.292	0	0.072
9606.ENSP00000367797	9606.ENSP00000367872	SKI	GNB1	9606	0.379	0	0	0	0.116	0	0	0.326
9606.ENSP00000367830	9606.ENSP00000498888	PRKCZ	PANK4	9606	0.215	0	0	0	0.06	0.046	0	0.195
9606.ENSP00000367830	9606.ENSP00000367872	PRKCZ	GNB1	9606	0.344	0	0	0	0.056	0.097	0	0.292
9606.ENSP00000367830	9606.ENSP00000368678	PRKCZ	AGRN	9606	0.399	0	0	0	0.054	0.062	0	0.377
9606.ENSP00000367830	9606.ENSP00000417061	PRKCZ	CFAP74	9606	0.58	0	0	0	0.049	0	0	0.577
9606.ENSP00000367830	9606.ENSP00000367848	PRKCZ	GABRD	9606	0.585	0	0.027	0	0.12	0.046	0	0.545
9606.ENSP00000367830	9606.ENSP00000368166	PRKCZ	DVL1	9606	0.646	0	0	0	0.063	0.093	0	0.617
9606.ENSP00000367848	9606.ENSP00000368592	GABRD	TTLL10	9606	0.231	0	0	0	0.058	0	0	0.217
9606.ENSP00000367848	9606.ENSP00000417185	GABRD	VWA1	9606	0.247	0	0	0	0.084	0.043	0	0.21
9606.ENSP00000367848	9606.ENSP00000368411	GABRD	SCNN1D	9606	0.248	0	0	0	0.074	0	0	0.221
9606.ENSP00000367848	9606.ENSP00000368318	GABRD	PUSL1	9606	0.274	0	0	0	0	0	0	0.274
9606.ENSP00000367848	9606.ENSP00000368166	GABRD	DVL1	9606	0.344	0	0	0	0.058	0.06	0	0.319
9606.ENSP00000367848	9606.ENSP00000367872	GABRD	GNB1	9606	0.544	0	0	0	0	0	0	0.544
9606.ENSP00000367848	9606.ENSP00000417061	GABRD	CFAP74	9606	0.824	0	0	0	0.058	0	0	0.821
9606.ENSP00000367872	9606.ENSP00000417061	GNB1	CFAP74	9606	0.205	0	0.009	0	0	0	0	0.205
9606.ENSP00000367872	9606.ENSP00000498888	GNB1	PANK4	9606	0.21	0	0	0	0.055	0	0	0.199
9606.ENSP00000367872	9606.ENSP00000495949	GNB1	SLC35E2A	9606	0.217	0	0	0	0	0	0	0.217
9606.ENSP00000367872	9606.ENSP00000481694	GNB1	SLC35E2B	9606	0.217	0	0	0	0.06	0	0	0.202
9606.ENSP00000367890	9606.ENSP00000445001	NADK	INTS11	9606	0.241	0.044	0	0	0.067	0	0	0.218
9606.ENSP00000367890	9606.ENSP00000410533	NADK	RNF223	9606	0.281	0	0	0	0	0.045	0	0.278
9606.ENSP00000367890	9606.ENSP00000368720	NADK	PLEKHN1	9606	0.361	0	0	0	0	0	0.098	0.321
9606.ENSP00000367900	9606.ENSP00000464036	CDK11A	CDK11B	9606	0.416	0	0	0.047	0.223	0.241	0	0.082
9606.ENSP00000367900	9606.ENSP00000383611	CDK11A	CCNL2	9606	0.927	0	0	0	0.127	0.672	0	0.765
9606.ENSP00000368030	9606.ENSP00000368166	ATAD3A	DVL1	9606	0.229	0	0	0	0.215	0	0	0.059
9606.ENSP00000368030	9606.ENSP00000368720	ATAD3A	PLEKHN1	9606	0.249	0	0	0	0.092	0	0	0.207
9606.ENSP00000368030	9606.ENSP00000368318	ATAD3A	PUSL1	9606	0.265	0	0	0	0.265	0	0	0
9606.ENSP00000368030	9606.ENSP00000445001	ATAD3A	INTS11	9606	0.385	0	0	0	0.328	0	0	0.123
9606.ENSP00000368030	9606.ENSP00000500094	ATAD3A	ATAD3B	9606	0.64	0	0	0.049	0.276	0.51	0	0.058
9606.ENSP00000368062	9606.ENSP00000417185	ATAD3C	VWA1	9606	0.202	0	0.168	0	0.065	0	0	0.056
9606.ENSP00000368166	9606.ENSP00000383611	DVL1	CCNL2	9606	0.218	0	0	0	0.083	0	0	0.183
9606.ENSP00000368166	9606.ENSP00000399229	DVL1	MXRA8	9606	0.251	0	0.141	0	0.084	0	0	0.124
9606.ENSP00000368166	9606.ENSP00000426103	DVL1	MIB2	9606	0.367	0	0	0	0.209	0.091	0	0.19
9606.ENSP00000368166	9606.ENSP00000368678	DVL1	AGRN	9606	0.574	0	0	0	0.121	0.088	0	0.511
9606.ENSP00000368318	9606.ENSP00000383719	PUSL1	UBE2J2	9606	0.234	0	0	0	0.202	0	0	0.08
9606.ENSP00000368318	9606.ENSP00000368592	PUSL1	TTLL10	9606	0.337	0	0	0	0.067	0	0	0.318
9606.ENSP00000368318	9606.ENSP00000417185	PUSL1	VWA1	9606	0.341	0	0	0	0	0	0	0.341
9606.ENSP00000368318	9606.ENSP00000445001	PUSL1	INTS11	9606	0.354	0.041	0	0	0.229	0	0	0.197
9606.ENSP00000368318	9606.ENSP00000368411	PUSL1	SCNN1D	9606	0.38	0	0	0	0.047	0	0	0.376
9606.ENSP00000368411	9606.ENSP00000498888	SCNN1D	PANK4	9606	0.212	0	0	0	0.067	0	0	0.191
9606.ENSP00000368411	9606.ENSP00000417185	SCNN1D	VWA1	9606	0.227	0	0	0	0.075	0	0	0.198
9606.ENSP00000368411	9606.ENSP00000383719	SCNN1D	UBE2J2	9606	0.29	0	0	0	0	0	0	0.29
9606.ENSP00000368411	9606.ENSP00000439625	SCNN1D	PLEKHG5	9606	0.34	0	0	0	0.087	0	0	0.307
9606.ENSP00000368496	9606.ENSP00000368592	B3GALT6	TTLL10	9606	0.28	0	0.248	0	0	0	0	0.082
9606.ENSP00000368496	9606.ENSP00000499387	B3GALT6	SDF4	9606	0.343	0	0	0	0.083	0	0	0.313
9606.ENSP00000368496	9606.ENSP00000368678	B3GALT6	AGRN	9606	0.548	0	0	0	0.067	0	0.4	0.259
9606.ENSP00000368496	9606.ENSP00000383719	B3GALT6	UBE2J2	9606	0.745	0	0.705	0	0.092	0	0	0.125
9606.ENSP00000368538	9606.ENSP00000496832	TNFRSF4	ISG15	9606	0.2	0	0	0	0.063	0.072	0	0.154
9606.ENSP00000368538	9606.ENSP00000478699	TNFRSF4	TNFRSF9	9606	0.881	0	0	0	0.19	0.292	0	0.81
9606.ENSP00000368592	9606.ENSP00000383719	TTLL10	UBE2J2	9606	0.205	0	0	0	0.044	0	0	0.202
9606.ENSP00000368592	9606.ENSP00000439625	TTLL10	PLEKHG5	9606	0.206	0	0	0	0.05	0	0	0.199
9606.ENSP00000368592	9606.ENSP00000399229	TTLL10	MXRA8	9606	0.236	0	0	0	0	0	0	0.236
9606.ENSP00000368592	9606.ENSP00000368644	TTLL10	C1orf159	9606	0.269	0	0	0	0.055	0	0	0.258
9606.ENSP00000368592	9606.ENSP00000417185	TTLL10	VWA1	9606	0.306	0	0	0	0.047	0	0	0.302
9606.ENSP00000368644	9606.ENSP00000393198	C1orf159	HES4	9606	0.2	0	0	0	0.047	0	0	0.195
9606.ENSP00000368644	9606.ENSP00000368720	C1orf159	PLEKHN1	9606	0.239	0	0	0.225	0.059	0	0	0
9606.ENSP00000368678	9606.ENSP00000496832	AGRN	ISG15	9606	0.251	0	0	0	0.149	0	0	0.157
9606.ENSP00000368678	9606.ENSP00000393198	AGRN	HES4	9606	0.28	0	0	0	0.138	0	0	0.199
9606.ENSP00000368678	9606.ENSP00000417185	AGRN	VWA1	9606	0.284	0	0	0	0.14	0.046	0	0.198
9606.ENSP00000368720	9606.ENSP00000399229	PLEKHN1	MXRA8	9606	0.216	0	0	0	0.063	0	0	0.198
9606.ENSP00000368720	9606.ENSP00000496832	PLEKHN1	ISG15	9606	0.22	0	0	0	0.068	0.098	0	0.147
9606.ENSP00000368720	9606.ENSP00000445001	PLEKHN1	INTS11	9606	0.229	0	0	0	0.049	0	0	0.223
9606.ENSP00000368720	9606.ENSP00000383719	PLEKHN1	UBE2J2	9606	0.247	0	0	0	0.054	0.06	0	0.222
9606.ENSP00000368720	9606.ENSP00000500094	PLEKHN1	ATAD3B	9606	0.276	0	0	0	0.044	0	0	0.274
9606.ENSP00000368720	9606.ENSP00000481694	PLEKHN1	SLC35E2B	9606	0.309	0	0	0	0	0	0	0.31
9606.ENSP00000368720	9606.ENSP00000499387	PLEKHN1	SDF4	9606	0.321	0	0	0	0.074	0	0	0.297
9606.ENSP00000368720	9606.ENSP00000495949	PLEKHN1	SLC35E2A	9606	0.323	0	0	0	0	0	0	0.323
9606.ENSP00000368720	9606.ENSP00000393198	PLEKHN1	HES4	9606	0.359	0	0	0	0.099	0.071	0	0.296
9606.ENSP00000368720	9606.ENSP00000414022	PLEKHN1	PERM1	9606	0.492	0	0	0	0.329	0	0	0.274
9606.ENSP00000383611	9606.ENSP00000464036	CCNL2	CDK11B	9606	0.563	0	0	0	0.136	0.117	0	0.473
9606.ENSP00000383719	9606.ENSP00000481694	UBE2J2	SLC35E2B	9606	0.202	0	0	0	0	0.048	0	0.196
9606.ENSP00000383719	9606.ENSP00000399229	UBE2J2	MXRA8	9606	0.208	0	0	0	0	0	0	0.208
9606.ENSP00000383719	9606.ENSP00000495949	UBE2J2	SLC35E2A	9606	0.212	0	0	0	0	0.048	0	0.207
9606.ENSP00000383719	9606.ENSP00000445001	UBE2J2	INTS11	9606	0.227	0	0	0	0.15	0	0	0.128
9606.ENSP00000383719	9606.ENSP00000500094	UBE2J2	ATAD3B	9606	0.306	0	0	0	0.098	0	0	0.263
9606.ENSP00000383719	9606.ENSP00000475168	UBE2J2	RER1	9606	0.39	0	0	0	0.241	0	0	0.23
9606.ENSP00000383719	9606.ENSP00000499387	UBE2J2	SDF4	9606	0.463	0	0	0	0.26	0	0	0.305
9606.ENSP00000389111	9606.ENSP00000445001	FNDC10	INTS11	9606	0.373	0	0	0	0.102	0.274	0	0.116
9606.ENSP00000393198	9606.ENSP00000414022	HES4	PERM1	9606	0.203	0	0	0	0.09	0.071	0	0.133
9606.ENSP00000393198	9606.ENSP00000496832	HES4	ISG15	9606	0.385	0	0	0	0.25	0	0	0.214
9606.ENSP00000399229	9606.ENSP00000417185	MXRA8	VWA1	9606	0.28	0	0	0	0.145	0	0	0.192
9606.ENSP00000417061	9606.ENSP00000500094	CFAP74	ATAD3B	9606	0.243	0	0	0	0	0	0	0.244
9606.ENSP00000417061	9606.ENSP00000481694	CFAP74	SLC35E2B	9606	0.27	0	0	0	0	0	0	0.27
9606.ENSP00000417185	9606.ENSP00000445688	VWA1	ANKRD65	9606	0.313	0	0	0	0.086	0.095	0	0.237
9606.ENSP00000426103	9606.ENSP00000498888	MIB2	PANK4	9606	0.231	0	0	0	0.13	0.045	0	0.149
9606.ENSP00000426103	9606.ENSP00000445001	MIB2	INTS11	9606	0.268	0	0	0	0.24	0.061	0	0.057
9606.ENSP00000426103	9606.ENSP00000496832	MIB2	ISG15	9606	0.438	0	0	0	0.109	0.306	0	0.164
9606.ENSP00000439625	9606.ENSP00000496593	PLEKHG5	ESPN	9606	0.206	0	0	0	0.062	0	0	0.188
9606.ENSP00000445001	9606.ENSP00000495949	INTS11	SLC35E2A	9606	0.2	0	0	0	0	0	0	0.2
9606.ENSP00000445001	9606.ENSP00000500094	INTS11	ATAD3B	9606	0.297	0	0	0	0.191	0	0	0.167
9606.ENSP00000445001	9606.ENSP00000499387	INTS11	SDF4	9606	0.325	0	0	0	0.129	0	0	0.257
9606.ENSP00000464036	9606.ENSP00000495949	CDK11B	SLC35E2A	9606	0.283	0	0.057	0	0.05	0	0	0.263
9606.ENSP00000475168	9606.ENSP00000496593	RER1	ESPN	9606	0.25	0	0	0	0	0.053	0	0.24
9606.ENSP00000475168	9606.ENSP00000499387	RER1	SDF4	9606	0.34	0	0	0	0.335	0	0	0.049
9606.ENSP00000478699	9606.ENSP00000496832	TNFRSF9	ISG15	9606	0.235	0	0	0	0.045	0	0	0.232
9606.ENSP00000481694	9606.ENSP00000500094	SLC35E2B	ATAD3B	9606	0.36	0	0	0	0	0	0	0.36
9606.ENSP00000495949	9606.ENSP00000500094	SLC35E2A	ATAD3B	9606	0.246	0	0	0	0	0	0	0.247
